{"cameraMode":{"drawMode":0,"name":"Shaded","section":"Shading Mode"},"sceneLighting":true,"audioPlay":false,"sceneViewState":{"showFog":true,"showMaterialUpdate":false,"showSkybox":true,"showFlares":true,"showImageEffects":true,"showParticleSystems":true},"in2DMode":false,"pivot":{"x":-1.389204502105713,"y":1.5564115047454835,"z":0.6113812923431397},"rotation":{"x":0.26126280426979067,"y":0.44797441363334658,"z":-0.13872414827346803,"w":0.8437017798423767},"size":7.191025257110596,"orthographic":false}